no,x1,x2
1,0.8399999737739563,0.5799999833106995
2,0.5910000205039978,0.5090000033378601
3,0.6740000247955322,0.5
4,0.6320000290870667,0.3160000145435333
5,0.6869999766349792,0.3370000123977661
6,0.9779999852180481,0.5170000195503235
7,0.75,0.45399999618530273
8,0.7300000190734863,0.5120000243186951
9,1.2000000476837158,0.996999979019165
10,0.8700000047683716,0.5059999823570251
